feedback_id,concept_id,customer_id,customer_comments,pain_point_statements,objection_themes,requested_capabilities
1,C008,CUST0050,"Not sure it fully solves Workforce Planning yet, but Talent Intelligence Platform is on the right track.",Scaling Workforce Planning operations with headcount is not sustainable.,Our IT team flagged concerns about on-premise vs. cloud deployment.,Mobile-friendly interface for field CHRO access.
2,C010,CUST0038,We'd like to see more customisation options before committing to Demand Forecasting Suite.,Lack of real-time visibility into Inventory Optimization is a persistent operational challenge.,Would need a longer pilot to validate the Inventory Optimization outcomes.,SLA-backed uptime guarantees for production deployment.
3,C002,CUST0040,"The Contract Risk Analyzer prototype shows promise, especially for Risk Mitigation, though it needs more polish.",Data quality issues in Risk Mitigation lead to costly mistakes for our team.,Worried about model accuracy in edge cases relevant to our use of Risk Mitigation.,Automated reporting to support Risk Mitigation governance requirements.
4,C003,CUST0011,Interesting approach to Revenue Optimization. The Pricing Director had questions about scalability.,Our Pricing Director spends too much time on Revenue Optimization instead of strategic work.,The pricing model needs to be restructured for our volume.,Integration with our existing CRM / ERP stack.
5,C006,CUST0001,We'd like to see more customisation options before committing to Fraud Pattern Classifier.,Regulatory pressure around Fraud Prevention is increasing — we need a faster compliance path.,Would need a longer pilot to validate the Fraud Prevention outcomes.,Mobile-friendly interface for field Risk Analytics Manager access.
6,C010,CUST0003,Interesting approach to Inventory Optimization. The Demand Planner had questions about scalability.,Lack of real-time visibility into Inventory Optimization is a persistent operational challenge.,Unclear how quickly the Demand Planner team could adopt this tool.,Mobile-friendly interface for field Demand Planner access.
7,C003,CUST0044,Interesting approach to Revenue Optimization. The Pricing Director had questions about scalability.,Lack of real-time visibility into Revenue Optimization is a persistent operational challenge.,Would need a longer pilot to validate the Revenue Optimization outcomes.,Role-based access control for different team members.
8,C014,CUST0008,"Not sure it fully solves Asset Management yet, but Field Service Optimizer is on the right track.",Data quality issues in Asset Management lead to costly mistakes for our team.,Budget approval cycle is long — need stronger business case.,Automated reporting to support Asset Management governance requirements.
9,C005,CUST0005,Really impressed by how Clinical Trial Matching AI handles Patient Recruitment. Our Clinical Operations Head loved the demo.,Our Clinical Operations Head spends too much time on Patient Recruitment instead of strategic work.,Unclear how quickly the Clinical Operations Head team could adopt this tool.,SLA-backed uptime guarantees for production deployment.
10,C019,CUST0019,Initial reaction from our MRO Director team was positive — the Equipment Reliability workflow is intuitive.,We lose significant time each week to manual Equipment Reliability workflows — automation is overdue.,Our IT team flagged concerns about on-premise vs. cloud deployment.,Automated reporting to support Equipment Reliability governance requirements.
11,C013,CUST0018,"Not sure it fully solves Compliance Automation yet, but Regulatory Change Monitor is on the right track.",Regulatory pressure around Compliance Automation is increasing — we need a faster compliance path.,Our IT team flagged concerns about on-premise vs. cloud deployment.,Integration with our existing CRM / ERP stack.
12,C020,CUST0003,We'd like to see more customisation options before committing to Real-Time Translation Layer.,Existing tools for Cross-Language Collaboration don't integrate with our stack — fragmentation is a pain point.,Would need a longer pilot to validate the Cross-Language Collaboration outcomes.,Automated reporting to support Cross-Language Collaboration governance requirements.
13,C001,CUST0006,Interesting approach to Customer Retention. The CX Ops Manager had questions about scalability.,"Current Customer Retention processes are manual, slow, and error-prone.",Unclear how quickly the CX Ops Manager team could adopt this tool.,SLA-backed uptime guarantees for production deployment.
14,C002,CUST0049,We've been looking for a solution like Contract Risk Analyzer for Risk Mitigation — this hits the mark.,Regulatory pressure around Risk Mitigation is increasing — we need a faster compliance path.,The pricing model needs to be restructured for our volume.,Mobile-friendly interface for field General Counsel access.
15,C009,CUST0012,The ROI potential for Intelligent Document Router in Claims Processing looks meaningful. Let's discuss next steps.,Scaling Claims Processing operations with headcount is not sustainable.,Our IT team flagged concerns about on-premise vs. cloud deployment.,Integration with our existing CRM / ERP stack.
16,C016,CUST0023,We'd like to see more customisation options before committing to Loan Default Predictor.,Existing tools for Credit Risk don't integrate with our stack — fragmentation is a pain point.,Vendor lock-in is a concern — would prefer open APIs.,Integration with our existing CRM / ERP stack.
17,C006,CUST0022,We'd like to see more customisation options before committing to Fraud Pattern Classifier.,Regulatory pressure around Fraud Prevention is increasing — we need a faster compliance path.,Unclear how quickly the Risk Analytics Manager team could adopt this tool.,"Historical trend analysis, not just current-state predictions."
18,C018,CUST0003,Initial reaction from our Chief Knowledge Officer team was positive — the Knowledge Management workflow is intuitive.,We lose significant time each week to manual Knowledge Management workflows — automation is overdue.,Vendor lock-in is a concern — would prefer open APIs.,Automated reporting to support Knowledge Management governance requirements.
19,C011,CUST0008,We'd like to see more customisation options before committing to Code Review Accelerator.,"Current Engineering Productivity processes are manual, slow, and error-prone.",The pricing model needs to be restructured for our volume.,Mobile-friendly interface for field Engineering Manager access.
20,C014,CUST0004,Interesting approach to Asset Management. The Field Operations VP had questions about scalability.,Existing tools for Asset Management don't integrate with our stack — fragmentation is a pain point.,Would need a longer pilot to validate the Asset Management outcomes.,Mobile-friendly interface for field Field Operations VP access.
21,C015,CUST0049,Really impressed by how Medical Imaging Triage AI handles Diagnostic Efficiency. Our Radiology Department Head loved the demo.,Data quality issues in Diagnostic Efficiency lead to costly mistakes for our team.,Unclear how quickly the Radiology Department Head team could adopt this tool.,Bulk data import and export capabilities.
22,C005,CUST0019,Initial reaction from our Clinical Operations Head team was positive — the Patient Recruitment workflow is intuitive.,Regulatory pressure around Patient Recruitment is increasing — we need a faster compliance path.,Data privacy and security need to be validated before we can proceed.,Real-time alerting when Patient Recruitment thresholds are breached.
23,C020,CUST0016,We've been looking for a solution like Real-Time Translation Layer for Cross-Language Collaboration — this hits the mark.,Lack of real-time visibility into Cross-Language Collaboration is a persistent operational challenge.,The pricing model needs to be restructured for our volume.,Real-time alerting when Cross-Language Collaboration thresholds are breached.
24,C018,CUST0027,"The Knowledge Graph Builder prototype shows promise, especially for Knowledge Management, though it needs more polish.",Data quality issues in Knowledge Management lead to costly mistakes for our team.,Data privacy and security need to be validated before we can proceed.,Mobile-friendly interface for field Chief Knowledge Officer access.
25,C004,CUST0042,We've been looking for a solution like Supply Chain Anomaly Detector for Operational Resilience — this hits the mark.,Regulatory pressure around Operational Resilience is increasing — we need a faster compliance path.,Unclear how quickly the Supply Chain Lead team could adopt this tool.,Bulk data import and export capabilities.
26,C009,CUST0027,Initial reaction from our Operations Director team was positive — the Claims Processing workflow is intuitive.,Regulatory pressure around Claims Processing is increasing — we need a faster compliance path.,Worried about model accuracy in edge cases relevant to our use of Claims Processing.,Mobile-friendly interface for field Operations Director access.
27,C018,CUST0010,We'd like to see more customisation options before committing to Knowledge Graph Builder.,Data quality issues in Knowledge Management lead to costly mistakes for our team.,Would need a longer pilot to validate the Knowledge Management outcomes.,Bulk data import and export capabilities.
28,C005,CUST0005,Strong demo from Clinical Trial Matching AI. We could see this being useful for our Clinical Operations Head.,Scaling Patient Recruitment operations with headcount is not sustainable.,Vendor lock-in is a concern — would prefer open APIs.,Bulk data import and export capabilities.
29,C009,CUST0001,Strong demo from Intelligent Document Router. We could see this being useful for our Operations Director.,Lack of real-time visibility into Claims Processing is a persistent operational challenge.,Would need a longer pilot to validate the Claims Processing outcomes.,SLA-backed uptime guarantees for production deployment.
30,C016,CUST0010,Initial reaction from our Credit Risk Officer team was positive — the Credit Risk workflow is intuitive.,Regulatory pressure around Credit Risk is increasing — we need a faster compliance path.,Vendor lock-in is a concern — would prefer open APIs.,Ability to customise the model for our specific Credit Risk context.
31,C018,CUST0049,"Not sure it fully solves Knowledge Management yet, but Knowledge Graph Builder is on the right track.",Scaling Knowledge Management operations with headcount is not sustainable.,Our IT team flagged concerns about on-premise vs. cloud deployment.,Ability to customise the model for our specific Knowledge Management context.
32,C007,CUST0045,Interesting approach to Sustainability Compliance. The Sustainability Officer had questions about scalability.,Scaling Sustainability Compliance operations with headcount is not sustainable.,Worried about model accuracy in edge cases relevant to our use of Sustainability Compliance.,"Historical trend analysis, not just current-state predictions."
33,C002,CUST0021,Initial reaction from our General Counsel team was positive — the Risk Mitigation workflow is intuitive.,Scaling Risk Mitigation operations with headcount is not sustainable.,Need references from similar organisations before committing.,Explainable outputs so our General Counsel can understand and trust the recommendations.
34,C016,CUST0003,We've been looking for a solution like Loan Default Predictor for Credit Risk — this hits the mark.,Existing tools for Credit Risk don't integrate with our stack — fragmentation is a pain point.,Data privacy and security need to be validated before we can proceed.,Mobile-friendly interface for field Credit Risk Officer access.
35,C004,CUST0034,Initial reaction from our Supply Chain Lead team was positive — the Operational Resilience workflow is intuitive.,"Current Operational Resilience processes are manual, slow, and error-prone.",Budget approval cycle is long — need stronger business case.,"Historical trend analysis, not just current-state predictions."
36,C005,CUST0005,Initial reaction from our Clinical Operations Head team was positive — the Patient Recruitment workflow is intuitive.,Lack of real-time visibility into Patient Recruitment is a persistent operational challenge.,Vendor lock-in is a concern — would prefer open APIs.,SLA-backed uptime guarantees for production deployment.
37,C013,CUST0042,"The Regulatory Change Monitor prototype shows promise, especially for Compliance Automation, though it needs more polish.",Existing tools for Compliance Automation don't integrate with our stack — fragmentation is a pain point.,The pricing model needs to be restructured for our volume.,"Historical trend analysis, not just current-state predictions."
38,C011,CUST0041,Initial reaction from our Engineering Manager team was positive — the Engineering Productivity workflow is intuitive.,"Current Engineering Productivity processes are manual, slow, and error-prone.",Would need a longer pilot to validate the Engineering Productivity outcomes.,Integration with our existing CRM / ERP stack.
39,C008,CUST0041,Strong demo from Talent Intelligence Platform. We could see this being useful for our CHRO.,Data quality issues in Workforce Planning lead to costly mistakes for our team.,Data privacy and security need to be validated before we can proceed.,"Historical trend analysis, not just current-state predictions."
40,C004,CUST0049,"The Supply Chain Anomaly Detector prototype shows promise, especially for Operational Resilience, though it needs more polish.",Regulatory pressure around Operational Resilience is increasing — we need a faster compliance path.,Budget approval cycle is long — need stronger business case.,Automated reporting to support Operational Resilience governance requirements.
41,C001,CUST0003,The Customer Retention use case is compelling. Predictive Churn Scorer exceeded our initial expectations.,"Current Customer Retention processes are manual, slow, and error-prone.",Unclear how quickly the CX Ops Manager team could adopt this tool.,Ability to customise the model for our specific Customer Retention context.
42,C012,CUST0028,We've been looking for a solution like Customer Sentiment Radar for Brand Experience — this hits the mark.,Data quality issues in Brand Experience lead to costly mistakes for our team.,The pricing model needs to be restructured for our volume.,"Historical trend analysis, not just current-state predictions."
43,C019,CUST0044,We've been looking for a solution like Predictive Maintenance Advisor for Equipment Reliability — this hits the mark.,Our MRO Director spends too much time on Equipment Reliability instead of strategic work.,Budget approval cycle is long — need stronger business case.,Integration with our existing CRM / ERP stack.
44,C020,CUST0025,The ROI potential for Real-Time Translation Layer in Cross-Language Collaboration looks meaningful. Let's discuss next steps.,Data quality issues in Cross-Language Collaboration lead to costly mistakes for our team.,Our IT team flagged concerns about on-premise vs. cloud deployment.,SLA-backed uptime guarantees for production deployment.
45,C005,CUST0015,Initial reaction from our Clinical Operations Head team was positive — the Patient Recruitment workflow is intuitive.,Lack of real-time visibility into Patient Recruitment is a persistent operational challenge.,Our IT team flagged concerns about on-premise vs. cloud deployment.,Automated reporting to support Patient Recruitment governance requirements.
46,C001,CUST0030,Strong demo from Predictive Churn Scorer. We could see this being useful for our CX Ops Manager.,Our CX Ops Manager spends too much time on Customer Retention instead of strategic work.,Data privacy and security need to be validated before we can proceed.,Mobile-friendly interface for field CX Ops Manager access.
47,C012,CUST0038,Strong demo from Customer Sentiment Radar. We could see this being useful for our CMO.,Scaling Brand Experience operations with headcount is not sustainable.,Unclear how quickly the CMO team could adopt this tool.,Mobile-friendly interface for field CMO access.
48,C010,CUST0013,We'd like to see more customisation options before committing to Demand Forecasting Suite.,Regulatory pressure around Inventory Optimization is increasing — we need a faster compliance path.,Data privacy and security need to be validated before we can proceed.,Role-based access control for different team members.
49,C013,CUST0037,The Compliance Automation use case is compelling. Regulatory Change Monitor exceeded our initial expectations.,Lack of real-time visibility into Compliance Automation is a persistent operational challenge.,Unclear how quickly the Chief Compliance Officer team could adopt this tool.,Real-time alerting when Compliance Automation thresholds are breached.
50,C013,CUST0018,Really impressed by how Regulatory Change Monitor handles Compliance Automation. Our Chief Compliance Officer loved the demo.,"Current Compliance Automation processes are manual, slow, and error-prone.",Would need a longer pilot to validate the Compliance Automation outcomes.,Mobile-friendly interface for field Chief Compliance Officer access.
51,C010,CUST0050,Interesting approach to Inventory Optimization. The Demand Planner had questions about scalability.,Existing tools for Inventory Optimization don't integrate with our stack — fragmentation is a pain point.,Worried about model accuracy in edge cases relevant to our use of Inventory Optimization.,Role-based access control for different team members.
52,C020,CUST0017,We've been looking for a solution like Real-Time Translation Layer for Cross-Language Collaboration — this hits the mark.,We lose significant time each week to manual Cross-Language Collaboration workflows — automation is overdue.,Concerned about integration complexity with existing systems.,Automated reporting to support Cross-Language Collaboration governance requirements.
53,C015,CUST0003,The ROI potential for Medical Imaging Triage AI in Diagnostic Efficiency looks meaningful. Let's discuss next steps.,Existing tools for Diagnostic Efficiency don't integrate with our stack — fragmentation is a pain point.,Budget approval cycle is long — need stronger business case.,Integration with our existing CRM / ERP stack.
54,C010,CUST0021,We'd like to see more customisation options before committing to Demand Forecasting Suite.,Our Demand Planner spends too much time on Inventory Optimization instead of strategic work.,Worried about model accuracy in edge cases relevant to our use of Inventory Optimization.,Explainable outputs so our Demand Planner can understand and trust the recommendations.
55,C018,CUST0024,"Not sure it fully solves Knowledge Management yet, but Knowledge Graph Builder is on the right track.",Lack of real-time visibility into Knowledge Management is a persistent operational challenge.,Budget approval cycle is long — need stronger business case.,Automated reporting to support Knowledge Management governance requirements.
56,C016,CUST0019,The Credit Risk use case is compelling. Loan Default Predictor exceeded our initial expectations.,We lose significant time each week to manual Credit Risk workflows — automation is overdue.,Our IT team flagged concerns about on-premise vs. cloud deployment.,Integration with our existing CRM / ERP stack.
57,C005,CUST0049,Interesting approach to Patient Recruitment. The Clinical Operations Head had questions about scalability.,Scaling Patient Recruitment operations with headcount is not sustainable.,The pricing model needs to be restructured for our volume.,Ability to customise the model for our specific Patient Recruitment context.
58,C003,CUST0026,Really impressed by how Dynamic Pricing Engine handles Revenue Optimization. Our Pricing Director loved the demo.,Lack of real-time visibility into Revenue Optimization is a persistent operational challenge.,The pricing model needs to be restructured for our volume.,Integration with our existing CRM / ERP stack.
59,C015,CUST0024,Strong demo from Medical Imaging Triage AI. We could see this being useful for our Radiology Department Head.,Scaling Diagnostic Efficiency operations with headcount is not sustainable.,Vendor lock-in is a concern — would prefer open APIs.,Integration with our existing CRM / ERP stack.
60,C008,CUST0031,Really impressed by how Talent Intelligence Platform handles Workforce Planning. Our CHRO loved the demo.,Existing tools for Workforce Planning don't integrate with our stack — fragmentation is a pain point.,Would need a longer pilot to validate the Workforce Planning outcomes.,Role-based access control for different team members.
61,C003,CUST0041,Initial reaction from our Pricing Director team was positive — the Revenue Optimization workflow is intuitive.,Lack of real-time visibility into Revenue Optimization is a persistent operational challenge.,Need references from similar organisations before committing.,Integration with our existing CRM / ERP stack.
62,C005,CUST0003,Really impressed by how Clinical Trial Matching AI handles Patient Recruitment. Our Clinical Operations Head loved the demo.,Lack of real-time visibility into Patient Recruitment is a persistent operational challenge.,Our IT team flagged concerns about on-premise vs. cloud deployment.,Integration with our existing CRM / ERP stack.
63,C004,CUST0016,"Not sure it fully solves Operational Resilience yet, but Supply Chain Anomaly Detector is on the right track.",Our Supply Chain Lead spends too much time on Operational Resilience instead of strategic work.,Need references from similar organisations before committing.,Mobile-friendly interface for field Supply Chain Lead access.
64,C012,CUST0043,"Not sure it fully solves Brand Experience yet, but Customer Sentiment Radar is on the right track.",Scaling Brand Experience operations with headcount is not sustainable.,Would need a longer pilot to validate the Brand Experience outcomes.,Explainable outputs so our CMO can understand and trust the recommendations.
65,C014,CUST0042,"The Field Service Optimizer prototype shows promise, especially for Asset Management, though it needs more polish.",Regulatory pressure around Asset Management is increasing — we need a faster compliance path.,Would need a longer pilot to validate the Asset Management outcomes.,"Historical trend analysis, not just current-state predictions."
66,C009,CUST0003,The Claims Processing use case is compelling. Intelligent Document Router exceeded our initial expectations.,Data quality issues in Claims Processing lead to costly mistakes for our team.,Our IT team flagged concerns about on-premise vs. cloud deployment.,Mobile-friendly interface for field Operations Director access.
67,C008,CUST0024,"The Talent Intelligence Platform prototype shows promise, especially for Workforce Planning, though it needs more polish.",Existing tools for Workforce Planning don't integrate with our stack — fragmentation is a pain point.,The pricing model needs to be restructured for our volume.,Ability to customise the model for our specific Workforce Planning context.
68,C002,CUST0026,Strong demo from Contract Risk Analyzer. We could see this being useful for our General Counsel.,Data quality issues in Risk Mitigation lead to costly mistakes for our team.,Data privacy and security need to be validated before we can proceed.,Mobile-friendly interface for field General Counsel access.
69,C003,CUST0043,Interesting approach to Revenue Optimization. The Pricing Director had questions about scalability.,"Current Revenue Optimization processes are manual, slow, and error-prone.",Concerned about integration complexity with existing systems.,Ability to customise the model for our specific Revenue Optimization context.
70,C008,CUST0009,The ROI potential for Talent Intelligence Platform in Workforce Planning looks meaningful. Let's discuss next steps.,Data quality issues in Workforce Planning lead to costly mistakes for our team.,Data privacy and security need to be validated before we can proceed.,Bulk data import and export capabilities.
71,C007,CUST0038,Interesting approach to Sustainability Compliance. The Sustainability Officer had questions about scalability.,Data quality issues in Sustainability Compliance lead to costly mistakes for our team.,Vendor lock-in is a concern — would prefer open APIs.,Explainable outputs so our Sustainability Officer can understand and trust the recommendations.
72,C020,CUST0001,Strong demo from Real-Time Translation Layer. We could see this being useful for our CTO.,Our CTO spends too much time on Cross-Language Collaboration instead of strategic work.,Budget approval cycle is long — need stronger business case.,Bulk data import and export capabilities.
73,C009,CUST0012,"The Intelligent Document Router prototype shows promise, especially for Claims Processing, though it needs more polish.","Current Claims Processing processes are manual, slow, and error-prone.",Budget approval cycle is long — need stronger business case.,Real-time alerting when Claims Processing thresholds are breached.
74,C012,CUST0016,The ROI potential for Customer Sentiment Radar in Brand Experience looks meaningful. Let's discuss next steps.,Existing tools for Brand Experience don't integrate with our stack — fragmentation is a pain point.,Concerned about integration complexity with existing systems.,Explainable outputs so our CMO can understand and trust the recommendations.
75,C009,CUST0004,We've been looking for a solution like Intelligent Document Router for Claims Processing — this hits the mark.,Scaling Claims Processing operations with headcount is not sustainable.,The pricing model needs to be restructured for our volume.,Integration with our existing CRM / ERP stack.
76,C003,CUST0031,Initial reaction from our Pricing Director team was positive — the Revenue Optimization workflow is intuitive.,Existing tools for Revenue Optimization don't integrate with our stack — fragmentation is a pain point.,The pricing model needs to be restructured for our volume.,SLA-backed uptime guarantees for production deployment.
77,C004,CUST0029,"Not sure it fully solves Operational Resilience yet, but Supply Chain Anomaly Detector is on the right track.",Data quality issues in Operational Resilience lead to costly mistakes for our team.,Would need a longer pilot to validate the Operational Resilience outcomes.,Real-time alerting when Operational Resilience thresholds are breached.
78,C017,CUST0020,Initial reaction from our Performance Marketing Lead team was positive — the Campaign ROI workflow is intuitive.,"Current Campaign ROI processes are manual, slow, and error-prone.",Concerned about integration complexity with existing systems.,Mobile-friendly interface for field Performance Marketing Lead access.
79,C013,CUST0028,"The Regulatory Change Monitor prototype shows promise, especially for Compliance Automation, though it needs more polish.",Regulatory pressure around Compliance Automation is increasing — we need a faster compliance path.,Our IT team flagged concerns about on-premise vs. cloud deployment.,Integration with our existing CRM / ERP stack.
80,C003,CUST0021,The ROI potential for Dynamic Pricing Engine in Revenue Optimization looks meaningful. Let's discuss next steps.,Our Pricing Director spends too much time on Revenue Optimization instead of strategic work.,Data privacy and security need to be validated before we can proceed.,Explainable outputs so our Pricing Director can understand and trust the recommendations.
